{
    "path": "250227_test_coordX_SRxN_PS_x2_relu_d0_w128_cd8_cd256_R1_2_decom_dim_us_lr0.0005_bracelet_cnn_depth_4_cnn_width_64_after_network_type_feature_cnn_type_sr_pixel_shuffle_scale_8",
    "depth": 0,
    "width": 256,
    "coord_depth": 8,
    "coord_width": 256,
    "dataset_name": "bracelet",
    "model_info": "relu",
    "lr": 0.0005,
    "batch_size": 2,
    "decom_dim": "us",
    "R": 1,
    "schdule_type": "linear",
    "res_depth": 4,
    "res_width": 64,
    "after_network_type": "feature",
    "cnn_type": "sr_pixel_shuffle",
    "data_set": "bracelet",
    "sr_scale": 8,
    "pseudo_data_path": "/data/result/250227_teacher_/250227_teacher__relu_d8_w256_cd2_cd256_R2_8192_decom_dim_us_lr0.0005_bracelet_skip_connection_1/pseudo_data",
    "coordx_model_path": "/data/result/250227_CoordX_down_scale/250227_CoordX_down_scale_relu_d0_w128_cd8_cd256_R1_8192_decom_dim_us_lr0.0005_bracelet_scale_8",
    "result_time": {
        "10": {
            "inference_time": 3.4839110904269748
        },
        "20": {
            "inference_time": 3.358680884043376
        },
        "30": {
            "inference_time": 3.4904497729407415
        },
        "1": {
            "inference_time": 3.9931022061242
        },
        "2": {
            "inference_time": 3.3878648810916476
        },
        "3": {
            "inference_time": 3.417916430367364
        },
        "4": {
            "inference_time": 3.411914692984687
        },
        "5": {
            "inference_time": 3.453575134277344
        },
        "6": {
            "inference_time": 3.469664017359416
        },
        "7": {
            "inference_time": 3.4961813290913897
        },
        "8": {
            "inference_time": 3.4111359914143877
        },
        "9": {
            "inference_time": 3.473553763495551
        },
        "11": {
            "inference_time": 3.3793030844794383
        },
        "12": {
            "inference_time": 3.392789310879178
        },
        "13": {
            "inference_time": 3.3840142356024847
        },
        "14": {
            "inference_time": 3.4096995724572072
        },
        "15": {
            "inference_time": 3.5293759769863557
        },
        "16": {
            "inference_time": 3.4740658071306014
        },
        "17": {
            "inference_time": 3.3743680053287086
        },
        "18": {
            "inference_time": 3.4227733082241483
        },
        "19": {
            "inference_time": 3.4650239679548474
        },
        "21": {
            "inference_time": 3.5052515400780573
        },
        "22": {
            "inference_time": 3.5644835366143117
        },
        "23": {
            "inference_time": 3.465194675657484
        },
        "24": {
            "inference_time": 3.4346560372246633
        },
        "25": {
            "inference_time": 3.391697751151191
        },
        "26": {
            "inference_time": 3.39592178662618
        },
        "27": {
            "inference_time": 3.5234524144066706
        },
        "28": {
            "inference_time": 3.3993991480933294
        },
        "29": {
            "inference_time": 3.4866026772393113
        },
        "31": {
            "inference_time": 3.4805440107981362
        },
        "32": {
            "inference_time": 3.3569884565141463
        },
        "33": {
            "inference_time": 3.4889315499199753
        },
        "34": {
            "inference_time": 3.5107910897996693
        },
        "35": {
            "inference_time": 3.4849208725823297
        },
        "36": {
            "inference_time": 3.395608901977539
        },
        "37": {
            "inference_time": 3.4584461583031545
        },
        "38": {
            "inference_time": 3.5118825965457496
        },
        "39": {
            "inference_time": 3.517745759752062
        },
        "40": {
            "inference_time": 3.370168871349759
        },
        "41": {
            "inference_time": 3.443573289447361
        },
        "42": {
            "inference_time": 3.3959715631273055
        },
        "43": {
            "inference_time": 3.6319075955284967
        },
        "44": {
            "inference_time": 3.447747574912177
        },
        "45": {
            "inference_time": 3.46560353702969
        },
        "46": {
            "inference_time": 3.4284124639299187
        },
        "47": {
            "inference_time": 3.4615075853135853
        },
        "48": {
            "inference_time": 3.50691556930542
        },
        "49": {
            "inference_time": 3.4281884564293756
        },
        "50": {
            "inference_time": 3.3927537865108914
        },
        "51": {
            "inference_time": 3.4825599458482532
        },
        "52": {
            "inference_time": 3.476618660820855
        },
        "53": {
            "inference_time": 3.5443021986219616
        }
    },
    "result": {
        "0": 0,
        "10": 29.615893307246715,
        "20": 30.907836870485717,
        "30": 31.529497090763172,
        "1": 25.419122344125256,
        "2": 26.576246719303306,
        "3": 27.346437223431664,
        "4": 27.917304431081792,
        "5": 28.283800499489242,
        "6": 28.702330126692054,
        "7": 28.86470422202133,
        "8": 29.231984347540205,
        "9": 29.480949041226115,
        "11": 29.824398454394554,
        "12": 30.142446066940597,
        "13": 30.119256046490275,
        "14": 30.251780377953683,
        "15": 30.31997844760882,
        "16": 30.496928412671984,
        "17": 30.53666738692814,
        "18": 30.595864745727354,
        "19": 30.70306858557268,
        "21": 31.017847023962776,
        "22": 31.014407699252892,
        "23": 31.125453292933003,
        "24": 31.200689981610292,
        "25": 31.218001678492783,
        "26": 31.132763732240292,
        "27": 31.49133271821083,
        "28": 31.116747257893255,
        "29": 31.446186243616992,
        "31": 31.530229528931255,
        "32": 31.579411700506057,
        "33": 31.455592975566724,
        "34": 31.60414137450813,
        "35": 31.753109089367765,
        "36": 31.7914716735941,
        "37": 31.757452857484243,
        "38": 31.80878668969961,
        "39": 31.84318948991035,
        "40": 31.948063637140503,
        "41": 31.982815265971354,
        "42": 31.88598323768819,
        "43": 31.964245322882547,
        "44": 32.11927944700174,
        "45": 31.96560486543916,
        "46": 32.056988577134625,
        "47": 32.024566934251574,
        "48": 32.23201971141812,
        "49": 32.13715550930132,
        "50": 32.151076988022055,
        "51": 32.24825177829279,
        "52": 32.32535030589287,
        "53": 32.1892320281836
    }
}